<application>
  <component name="FileTypeManager" version="18">
    <extensionMap>
      <mapping ext="space.kts" type="Kotlin" />
      <mapping ext="gradle.kts" type="Kotlin" />
      <mapping ext="main.kts" type="Kotlin" />
      <mapping pattern=".no_format" type="PLAIN_TEXT" />
      <mapping ext="java~updated upstream" type="PLAIN_TEXT" />
      <mapping ext="acl" type="PLAIN_TEXT" />
      <mapping ext="schema" type="XML" />
      <removed_mapping ext="apk" approved="true" type="ARCHIVE" />
      <removed_mapping ext="psd" approved="true" type="Image" />
    </extensionMap>
  </component>
</application>